,Machine,Start,Finish,Duration,job_id
0,0.0,3308.0,3374.0,66.0,0
1,0.0,544.0,590.0,46.0,1
2,0.0,3670.0,3695.0,25.0,2
3,0.0,3374.0,3404.0,30.0,3
4,0.0,23.0,40.0,17.0,4
5,0.0,909.0,949.0,40.0,5
6,0.0,1.0,18.0,17.0,6
7,0.0,4293.0,4313.0,20.0,7
8,0.0,51.0,124.0,73.0,8
9,0.0,18.0,23.0,5.0,9
10,0.0,4233.0,4293.0,60.0,10
11,0.0,48.0,51.0,3.0,11
12,0.0,1126.0,1217.0,91.0,12
13,0.0,4062.0,4096.0,34.0,13
14,0.0,1820.0,1901.0,81.0,14
15,0.0,590.0,648.0,58.0,15
16,0.0,1078.0,1126.0,48.0,16
17,0.0,4364.0,4435.0,71.0,17
18,0.0,852.0,909.0,57.0,18
19,0.0,1073.0,1078.0,5.0,19
20,0.0,40.0,48.0,8.0,20
21,0.0,124.0,143.0,19.0,21
22,0.0,3695.0,3773.0,78.0,22
23,0.0,1517.0,1519.0,2.0,23
24,0.0,0.0,1.0,1.0,24
25,0.0,206.0,284.0,78.0,25
26,0.0,1282.0,1290.0,8.0,26
27,0.0,2396.0,2410.0,14.0,27
28,0.0,3796.0,3842.0,46.0,28
29,0.0,975.0,1073.0,98.0,29
30,0.0,4313.0,4363.0,50.0,30
31,0.0,2223.0,2311.0,88.0,31
32,0.0,3842.0,3870.0,28.0,32
33,0.0,378.0,444.0,66.0,33
34,0.0,1724.0,1767.0,43.0,34
35,0.0,3773.0,3796.0,23.0,35
36,0.0,3870.0,3963.0,93.0,36
37,0.0,1290.0,1342.0,52.0,37
38,0.0,4363.0,4364.0,1.0,38
39,0.0,1342.0,1419.0,77.0,39
40,0.0,2967.0,3021.0,54.0,40
41,0.0,3112.0,3157.0,45.0,41
42,0.0,1519.0,1575.0,56.0,42
43,0.0,4150.0,4204.0,54.0,43
44,0.0,1667.0,1724.0,57.0,44
45,0.0,2006.0,2029.0,23.0,45
46,0.0,284.0,302.0,18.0,46
47,0.0,2029.0,2117.0,88.0,47
48,0.0,1968.0,2006.0,38.0,48
49,0.0,2151.0,2223.0,72.0,49
50,0.0,1913.0,1968.0,55.0,50
51,0.0,143.0,206.0,63.0,51
52,0.0,302.0,373.0,71.0,52
53,0.0,3242.0,3263.0,21.0,53
54,0.0,778.0,852.0,74.0,54
55,0.0,2588.0,2653.0,65.0,55
56,0.0,1419.0,1471.0,52.0,56
57,0.0,2750.0,2841.0,91.0,57
58,0.0,1901.0,1913.0,12.0,58
59,0.0,2117.0,2139.0,22.0,59
60,0.0,2139.0,2151.0,12.0,60
61,0.0,949.0,975.0,26.0,61
62,0.0,2653.0,2750.0,97.0,62
63,0.0,2500.0,2530.0,30.0,63
64,0.0,2410.0,2440.0,30.0,64
65,0.0,2311.0,2323.0,12.0,65
66,0.0,3491.0,3585.0,94.0,66
67,0.0,1471.0,1517.0,46.0,67
68,0.0,4042.0,4062.0,20.0,68
69,0.0,2323.0,2396.0,73.0,69
70,0.0,2530.0,2588.0,58.0,70
71,0.0,444.0,454.0,10.0,71
72,0.0,3963.0,4040.0,77.0,72
73,0.0,2929.0,2956.0,27.0,73
74,0.0,2843.0,2876.0,33.0,74
75,0.0,3021.0,3074.0,53.0,75
76,0.0,2477.0,2500.0,23.0,76
77,0.0,2841.0,2843.0,2.0,77
78,0.0,1217.0,1282.0,65.0,78
79,0.0,648.0,683.0,35.0,79
80,0.0,2956.0,2963.0,7.0,80
81,0.0,4096.0,4150.0,54.0,81
82,0.0,1777.0,1820.0,43.0,82
83,0.0,3404.0,3491.0,87.0,83
84,0.0,1611.0,1667.0,56.0,84
85,0.0,2963.0,2967.0,4.0,85
86,0.0,4204.0,4233.0,29.0,86
87,0.0,3074.0,3109.0,35.0,87
88,0.0,2440.0,2477.0,37.0,88
89,0.0,2876.0,2929.0,53.0,89
90,0.0,1767.0,1777.0,10.0,90
91,0.0,454.0,544.0,90.0,91
92,0.0,683.0,778.0,95.0,92
93,0.0,3157.0,3242.0,85.0,93
94,0.0,4040.0,4042.0,2.0,94
95,0.0,1575.0,1611.0,36.0,95
96,0.0,3585.0,3670.0,85.0,96
97,0.0,373.0,378.0,5.0,97
98,0.0,3109.0,3112.0,3.0,98
99,0.0,3263.0,3308.0,45.0,99
100,1.0,3941.0,4006.0,65.0,0
101,1.0,933.0,968.0,35.0,1
102,1.0,4180.0,4229.0,49.0,2
103,1.0,4006.0,4008.0,2.0,3
104,1.0,154.0,249.0,95.0,4
105,1.0,1112.0,1126.0,14.0,5
106,1.0,62.0,129.0,67.0,6
107,1.0,4785.0,4793.0,8.0,7
108,1.0,378.0,440.0,62.0,8
109,1.0,129.0,154.0,25.0,9
110,1.0,4783.0,4785.0,2.0,10
111,1.0,338.0,378.0,40.0,11
112,1.0,1331.0,1399.0,68.0,12
113,1.0,4641.0,4716.0,75.0,13
114,1.0,2138.0,2210.0,72.0,14
115,1.0,968.0,973.0,5.0,15
116,1.0,1326.0,1331.0,5.0,16
117,1.0,4890.0,4900.0,10.0,17
118,1.0,1079.0,1112.0,33.0,18
119,1.0,1270.0,1326.0,56.0,19
120,1.0,249.0,338.0,89.0,20
121,1.0,440.0,494.0,54.0,21
122,1.0,4229.0,4260.0,31.0,22
123,1.0,1691.0,1692.0,1.0,23
124,1.0,1.0,62.0,61.0,24
125,1.0,566.0,591.0,25.0,25
126,1.0,1486.0,1497.0,11.0,26
127,1.0,2606.0,2613.0,7.0,27
128,1.0,4345.0,4433.0,88.0,28
129,1.0,1205.0,1270.0,65.0,29
130,1.0,4793.0,4867.0,74.0,30
131,1.0,2483.0,2499.0,16.0,31
132,1.0,4433.0,4520.0,87.0,32
133,1.0,720.0,777.0,57.0,33
134,1.0,1910.0,1999.0,89.0,34
135,1.0,4260.0,4345.0,85.0,35
136,1.0,4520.0,4566.0,46.0,36
137,1.0,1497.0,1551.0,54.0,37
138,1.0,4867.0,4890.0,23.0,38
139,1.0,1551.0,1574.0,23.0,39
140,1.0,3348.0,3444.0,96.0,40
141,1.0,3670.0,3749.0,79.0,41
142,1.0,1692.0,1762.0,70.0,42
143,1.0,4732.0,4765.0,33.0,43
144,1.0,1860.0,1910.0,50.0,44
145,1.0,2304.0,2322.0,18.0,45
146,1.0,591.0,656.0,65.0,46
147,1.0,2322.0,2409.0,87.0,47
148,1.0,2286.0,2304.0,18.0,48
149,1.0,2468.0,2483.0,15.0,49
150,1.0,2229.0,2286.0,57.0,50
151,1.0,494.0,566.0,72.0,51
152,1.0,656.0,704.0,48.0,52
153,1.0,3842.0,3848.0,6.0,53
154,1.0,1069.0,1079.0,10.0,54
155,1.0,2769.0,2867.0,98.0,55
156,1.0,1574.0,1629.0,55.0,56
157,1.0,2936.0,3007.0,71.0,57
158,1.0,2210.0,2229.0,19.0,58
159,1.0,2409.0,2437.0,28.0,59
160,1.0,2437.0,2468.0,31.0,60
161,1.0,1126.0,1205.0,79.0,61
162,1.0,2867.0,2936.0,69.0,62
163,1.0,2723.0,2734.0,11.0,63
164,1.0,2613.0,2617.0,4.0,64
165,1.0,2499.0,2511.0,12.0,65
166,1.0,4039.0,4110.0,71.0,66
167,1.0,1629.0,1691.0,62.0,67
168,1.0,4639.0,4641.0,2.0,68
169,1.0,2511.0,2606.0,95.0,69
170,1.0,2734.0,2769.0,35.0,70
171,1.0,777.0,859.0,82.0,71
172,1.0,4566.0,4623.0,57.0,72
173,1.0,3193.0,3200.0,7.0,73
174,1.0,3096.0,3120.0,24.0,74
175,1.0,3444.0,3506.0,62.0,75
176,1.0,2653.0,2723.0,70.0,76
177,1.0,3007.0,3096.0,89.0,77
178,1.0,1399.0,1486.0,87.0,78
179,1.0,973.0,994.0,21.0,79
180,1.0,3200.0,3254.0,54.0,80
181,1.0,4716.0,4732.0,16.0,81
182,1.0,2066.0,2138.0,72.0,82
183,1.0,4008.0,4039.0,31.0,83
184,1.0,1836.0,1860.0,24.0,84
185,1.0,3254.0,3348.0,94.0,85
186,1.0,4765.0,4783.0,18.0,86
187,1.0,3506.0,3589.0,83.0,87
188,1.0,2617.0,2653.0,36.0,88
189,1.0,3120.0,3193.0,73.0,89
190,1.0,1999.0,2066.0,67.0,90
191,1.0,859.0,933.0,74.0,91
192,1.0,994.0,1069.0,75.0,92
193,1.0,3749.0,3842.0,93.0,93
194,1.0,4623.0,4639.0,16.0,94
195,1.0,1762.0,1836.0,74.0,95
196,1.0,4110.0,4180.0,70.0,96
197,1.0,704.0,720.0,16.0,97
198,1.0,3589.0,3670.0,81.0,98
199,1.0,3848.0,3941.0,93.0,99
200,2.0,4066.0,4124.0,58.0,0
201,2.0,1014.0,1080.0,66.0,1
202,2.0,4363.0,4368.0,5.0,2
203,2.0,4124.0,4193.0,69.0,3
204,2.0,295.0,333.0,38.0,4
205,2.0,1282.0,1375.0,93.0,5
206,2.0,140.0,199.0,59.0,6
207,2.0,4989.0,5045.0,56.0,7
208,2.0,440.0,466.0,26.0,8
209,2.0,199.0,295.0,96.0,9
210,2.0,4929.0,4989.0,60.0,10
211,2.0,422.0,440.0,18.0,11
212,2.0,1638.0,1712.0,74.0,12
213,2.0,4716.0,4809.0,93.0,13
214,2.0,2454.0,2466.0,12.0,14
215,2.0,1080.0,1136.0,56.0,15
216,2.0,1602.0,1638.0,36.0,16
217,2.0,5142.0,5213.0,71.0,17
218,2.0,1244.0,1282.0,38.0,18
219,2.0,1506.0,1602.0,96.0,19
220,2.0,338.0,422.0,84.0,20
221,2.0,494.0,578.0,84.0,21
222,2.0,4368.0,4433.0,65.0,22
223,2.0,2040.0,2057.0,17.0,23
224,2.0,62.0,140.0,78.0,24
225,2.0,601.0,646.0,45.0,25
226,2.0,1719.0,1802.0,83.0,26
227,2.0,2919.0,2972.0,53.0,27
228,2.0,4439.0,4499.0,60.0,28
229,2.0,1446.0,1506.0,60.0,29
230,2.0,5045.0,5054.0,9.0,30
231,2.0,2809.0,2816.0,7.0,31
232,2.0,4520.0,4571.0,51.0,32
233,2.0,777.0,862.0,85.0,33
234,2.0,2286.0,2352.0,66.0,34
235,2.0,4433.0,4439.0,6.0,35
236,2.0,4571.0,4574.0,3.0,36
237,2.0,1802.0,1895.0,93.0,37
238,2.0,5054.0,5142.0,88.0,38
239,2.0,1895.0,1935.0,40.0,39
240,2.0,3487.0,3572.0,85.0,40
241,2.0,3785.0,3877.0,92.0,41
242,2.0,2057.0,2072.0,15.0,42
243,2.0,4872.0,4923.0,51.0,43
244,2.0,2231.0,2286.0,55.0,44
245,2.0,2589.0,2608.0,19.0,45
246,2.0,656.0,714.0,58.0,46
247,2.0,2608.0,2692.0,84.0,47
248,2.0,2585.0,2589.0,4.0,48
249,2.0,2786.0,2809.0,23.0,49
250,2.0,2547.0,2585.0,38.0,50
251,2.0,578.0,601.0,23.0,51
252,2.0,714.0,727.0,13.0,52
253,2.0,3975.0,3976.0,1.0,53
254,2.0,1234.0,1244.0,10.0,54
255,2.0,3195.0,3271.0,76.0,55
256,2.0,1935.0,1984.0,49.0,56
257,2.0,3300.0,3302.0,2.0,57
258,2.0,2466.0,2547.0,81.0,58
259,2.0,2692.0,2735.0,43.0,59
260,2.0,2735.0,2786.0,51.0,60
261,2.0,1375.0,1446.0,71.0,61
262,2.0,3271.0,3300.0,29.0,62
263,2.0,3063.0,3107.0,44.0,63
264,2.0,2972.0,2998.0,26.0,64
265,2.0,2816.0,2843.0,27.0,65
266,2.0,4287.0,4314.0,27.0,66
267,2.0,1984.0,2040.0,56.0,67
268,2.0,4665.0,4686.0,21.0,68
269,2.0,2843.0,2919.0,76.0,69
270,2.0,3107.0,3195.0,88.0,70
271,2.0,862.0,871.0,9.0,71
272,2.0,4623.0,4656.0,33.0,72
273,2.0,3380.0,3386.0,6.0,73
274,2.0,3307.0,3347.0,40.0,74
275,2.0,3572.0,3636.0,64.0,75
276,2.0,3058.0,3063.0,5.0,76
277,2.0,3302.0,3307.0,5.0,77
278,2.0,1712.0,1719.0,7.0,78
279,2.0,1136.0,1141.0,5.0,79
280,2.0,3386.0,3462.0,76.0,80
281,2.0,4809.0,4872.0,63.0,81
282,2.0,2419.0,2454.0,35.0,82
283,2.0,4193.0,4287.0,94.0,83
284,2.0,2166.0,2231.0,65.0,84
285,2.0,3462.0,3487.0,25.0,85
286,2.0,4923.0,4929.0,6.0,86
287,2.0,3636.0,3723.0,87.0,87
288,2.0,2998.0,3058.0,60.0,88
289,2.0,3347.0,3380.0,33.0,89
290,2.0,2352.0,2419.0,67.0,90
291,2.0,933.0,1014.0,81.0,91
292,2.0,1141.0,1234.0,93.0,92
293,2.0,3877.0,3975.0,98.0,93
294,2.0,4656.0,4665.0,9.0,94
295,2.0,2072.0,2166.0,94.0,95
296,2.0,4314.0,4363.0,49.0,96
297,2.0,727.0,754.0,27.0,97
298,2.0,3723.0,3785.0,62.0,98
299,2.0,3976.0,4066.0,90.0,99
300,3.0,4284.0,4289.0,5.0,0
301,3.0,1107.0,1120.0,13.0,1
302,3.0,4471.0,4507.0,36.0,2
303,3.0,4289.0,4343.0,54.0,3
304,3.0,343.0,419.0,76.0,4
305,3.0,1451.0,1491.0,40.0,5
306,3.0,214.0,281.0,67.0,6
307,3.0,5302.0,5333.0,31.0,7
308,3.0,481.0,516.0,35.0,8
309,3.0,295.0,343.0,48.0,9
310,3.0,5217.0,5302.0,85.0,10
311,3.0,440.0,481.0,41.0,11
312,3.0,1726.0,1808.0,82.0,12
313,3.0,4914.0,5009.0,95.0,13
314,3.0,2467.0,2482.0,15.0,14
315,3.0,1136.0,1160.0,24.0,15
316,3.0,1649.0,1726.0,77.0,16
317,3.0,5459.0,5465.0,6.0,17
318,3.0,1372.0,1451.0,79.0,18
319,3.0,1613.0,1649.0,36.0,19
320,3.0,422.0,440.0,18.0,20
321,3.0,578.0,599.0,21.0,21
322,3.0,4507.0,4541.0,34.0,22
323,3.0,2098.0,2140.0,42.0,23
324,3.0,140.0,214.0,74.0,24
325,3.0,646.0,692.0,46.0,25
326,3.0,1896.0,1897.0,1.0,26
327,3.0,3072.0,3160.0,88.0,27
328,3.0,4611.0,4640.0,29.0,28
329,3.0,1518.0,1613.0,95.0,29
330,3.0,5333.0,5400.0,67.0,30
331,3.0,2986.0,3027.0,41.0,31
332,3.0,4640.0,4738.0,98.0,32
333,3.0,985.0,1016.0,31.0,33
334,3.0,2430.0,2455.0,25.0,34
335,3.0,4541.0,4611.0,70.0,35
336,3.0,4738.0,4800.0,62.0,36
337,3.0,1897.0,1942.0,45.0,37
338,3.0,5400.0,5459.0,59.0,38
339,3.0,1942.0,2010.0,68.0,39
340,3.0,3779.0,3801.0,22.0,40
341,3.0,3934.0,4015.0,81.0,41
342,3.0,2140.0,2184.0,44.0,42
343,3.0,5108.0,5188.0,80.0,43
344,3.0,2342.0,2430.0,88.0,44
345,3.0,2645.0,2670.0,25.0,45
346,3.0,714.0,807.0,93.0,46
347,3.0,2692.0,2753.0,61.0,47
348,3.0,2644.0,2645.0,1.0,48
349,3.0,2889.0,2986.0,97.0,49
350,3.0,2618.0,2644.0,26.0,50
351,3.0,601.0,641.0,40.0,51
352,3.0,807.0,891.0,84.0,52
353,3.0,4107.0,4191.0,84.0,53
354,3.0,1298.0,1372.0,74.0,54
355,3.0,3316.0,3355.0,39.0,55
356,3.0,2010.0,2075.0,65.0,56
357,3.0,3448.0,3463.0,15.0,57
358,3.0,2547.0,2618.0,71.0,58
359,3.0,2753.0,2845.0,92.0,59
360,3.0,2845.0,2889.0,44.0,60
361,3.0,1491.0,1518.0,27.0,61
362,3.0,3355.0,3448.0,93.0,62
363,3.0,3263.0,3265.0,2.0,63
364,3.0,3160.0,3215.0,55.0,64
365,3.0,3027.0,3071.0,44.0,65
366,3.0,4360.0,4415.0,55.0,66
367,3.0,2075.0,2098.0,23.0,67
368,3.0,4889.0,4914.0,25.0,68
369,3.0,3071.0,3072.0,1.0,69
370,3.0,3265.0,3316.0,51.0,70
371,3.0,1016.0,1028.0,12.0,71
372,3.0,4800.0,4847.0,47.0,72
373,3.0,3646.0,3744.0,98.0,73
374,3.0,3535.0,3576.0,41.0,74
375,3.0,3801.0,3819.0,18.0,75
376,3.0,3219.0,3263.0,44.0,76
377,3.0,3463.0,3535.0,72.0,77
378,3.0,1808.0,1896.0,88.0,78
379,3.0,1160.0,1220.0,60.0,79
380,3.0,3744.0,3773.0,29.0,80
381,3.0,5009.0,5108.0,99.0,81
382,3.0,2465.0,2467.0,2.0,82
383,3.0,4343.0,4360.0,17.0,83
384,3.0,2263.0,2342.0,79.0,84
385,3.0,3773.0,3779.0,6.0,85
386,3.0,5188.0,5217.0,29.0,86
387,3.0,3819.0,3908.0,89.0,87
388,3.0,3215.0,3219.0,4.0,88
389,3.0,3576.0,3646.0,70.0,89
390,3.0,2455.0,2465.0,10.0,90
391,3.0,1028.0,1107.0,79.0,91
392,3.0,1234.0,1298.0,64.0,92
393,3.0,4015.0,4107.0,92.0,93
394,3.0,4847.0,4889.0,42.0,94
395,3.0,2184.0,2263.0,79.0,95
396,3.0,4415.0,4471.0,56.0,96
397,3.0,891.0,985.0,94.0,97
398,3.0,3908.0,3934.0,26.0,98
399,3.0,4191.0,4284.0,93.0,99
400,4.0,4293.0,4359.0,66.0,0
401,4.0,1185.0,1226.0,41.0,1
402,4.0,4613.0,4687.0,74.0,2
403,4.0,4359.0,4421.0,62.0,3
404,4.0,419.0,489.0,70.0,4
405,4.0,1550.0,1580.0,30.0,5
406,4.0,281.0,347.0,66.0,6
407,4.0,5334.0,5345.0,11.0,7
408,4.0,533.0,584.0,51.0,8
409,4.0,347.0,390.0,43.0,9
410,4.0,5302.0,5334.0,32.0,10
411,4.0,510.0,533.0,23.0,11
412,4.0,1811.0,1831.0,20.0,12
413,4.0,5061.0,5062.0,1.0,13
414,4.0,2678.0,2732.0,54.0,14
415,4.0,1226.0,1281.0,55.0,15
416,4.0,1746.0,1811.0,65.0,16
417,4.0,5493.0,5515.0,22.0,17
418,4.0,1451.0,1550.0,99.0,18
419,4.0,1649.0,1746.0,97.0,19
420,4.0,489.0,510.0,21.0,20
421,4.0,599.0,662.0,63.0,21
422,4.0,4687.0,4732.0,45.0,22
423,4.0,2240.0,2310.0,70.0,23
424,4.0,214.0,255.0,41.0,24
425,4.0,757.0,763.0,6.0,25
426,4.0,1949.0,2019.0,70.0,26
427,4.0,3361.0,3394.0,33.0,27
428,4.0,4734.0,4831.0,97.0,28
429,4.0,1613.0,1645.0,32.0,29
430,4.0,5400.0,5428.0,28.0,30
431,4.0,3170.0,3224.0,54.0,31
432,4.0,4831.0,4894.0,63.0,32
433,4.0,1016.0,1032.0,16.0,33
434,4.0,2491.0,2503.0,12.0,34
435,4.0,4732.0,4734.0,2.0,35
436,4.0,4894.0,4944.0,50.0,36
437,4.0,2019.0,2067.0,48.0,37
438,4.0,5459.0,5493.0,34.0,38
439,4.0,2067.0,2142.0,75.0,39
440,4.0,3935.0,3980.0,45.0,40
441,4.0,4150.0,4152.0,2.0,41
442,4.0,2310.0,2349.0,39.0,42
443,4.0,5188.0,5192.0,4.0,43
444,4.0,2445.0,2491.0,46.0,44
445,4.0,2935.0,2946.0,11.0,45
446,4.0,807.0,873.0,66.0,46
447,4.0,2946.0,3005.0,59.0,47
448,4.0,2907.0,2935.0,28.0,48
449,4.0,3096.0,3170.0,74.0,49
450,4.0,2814.0,2907.0,93.0,50
451,4.0,662.0,757.0,95.0,51
452,4.0,891.0,939.0,48.0,52
453,4.0,4197.0,4268.0,71.0,53
454,4.0,1390.0,1420.0,30.0,54
455,4.0,3484.0,3506.0,22.0,55
456,4.0,2142.0,2145.0,3.0,56
457,4.0,3594.0,3616.0,22.0,57
458,4.0,2732.0,2814.0,82.0,58
459,4.0,3005.0,3040.0,35.0,59
460,4.0,3040.0,3096.0,56.0,60
461,4.0,1580.0,1594.0,14.0,61
462,4.0,3506.0,3594.0,88.0,62
463,4.0,3431.0,3472.0,41.0,63
464,4.0,3394.0,3398.0,4.0,64
465,4.0,3224.0,3276.0,52.0,65
466,4.0,4509.0,4526.0,17.0,66
467,4.0,2145.0,2240.0,95.0,67
468,4.0,5046.0,5061.0,15.0,68
469,4.0,3276.0,3361.0,85.0,69
470,4.0,3472.0,3484.0,12.0,70
471,4.0,1032.0,1043.0,11.0,71
472,4.0,4944.0,4968.0,24.0,72
473,4.0,3763.0,3834.0,71.0,73
474,4.0,3649.0,3695.0,46.0,74
475,4.0,3980.0,4039.0,59.0,75
476,4.0,3415.0,3431.0,16.0,76
477,4.0,3616.0,3649.0,33.0,77
478,4.0,1896.0,1949.0,53.0,78
479,4.0,1281.0,1303.0,22.0,79
480,4.0,3834.0,3883.0,49.0,80
481,4.0,5108.0,5152.0,44.0,81
482,4.0,2602.0,2678.0,76.0,82
483,4.0,4421.0,4509.0,88.0,83
484,4.0,2400.0,2445.0,45.0,84
485,4.0,3883.0,3935.0,52.0,85
486,4.0,5217.0,5248.0,31.0,86
487,4.0,4039.0,4105.0,66.0,87
488,4.0,3398.0,3415.0,17.0,88
489,4.0,3695.0,3763.0,68.0,89
490,4.0,2503.0,2602.0,99.0,90
491,4.0,1107.0,1185.0,78.0,91
492,4.0,1303.0,1390.0,87.0,92
493,4.0,4152.0,4197.0,45.0,93
494,4.0,4968.0,5046.0,78.0,94
495,4.0,2349.0,2400.0,51.0,95
496,4.0,4526.0,4613.0,87.0,96
497,4.0,985.0,989.0,4.0,97
498,4.0,4105.0,4150.0,45.0,98
499,4.0,4284.0,4293.0,9.0,99
500,5.0,4624.0,4663.0,39.0,0
501,5.0,1278.0,1290.0,12.0,1
502,5.0,4899.0,4944.0,45.0,2
503,5.0,4663.0,4697.0,34.0,3
504,5.0,489.0,500.0,11.0,4
505,5.0,1580.0,1651.0,71.0,5
506,5.0,347.0,400.0,53.0,6
507,5.0,5605.0,5633.0,28.0,7
508,5.0,611.0,704.0,93.0,8
509,5.0,400.0,461.0,61.0,9
510,5.0,5544.0,5605.0,61.0,10
511,5.0,533.0,611.0,78.0,11
512,5.0,1904.0,1917.0,13.0,12
513,5.0,5297.0,5346.0,49.0,13
514,5.0,2776.0,2791.0,15.0,14
515,5.0,1290.0,1321.0,31.0,15
516,5.0,1811.0,1904.0,93.0,16
517,5.0,5751.0,5834.0,83.0,17
518,5.0,1550.0,1570.0,20.0,18
519,5.0,1758.0,1759.0,1.0,19
520,5.0,510.0,523.0,13.0,20
521,5.0,704.0,740.0,36.0,21
522,5.0,4944.0,4950.0,6.0,22
523,5.0,2310.0,2332.0,22.0,23
524,5.0,255.0,299.0,44.0,24
525,5.0,836.0,901.0,65.0,25
526,5.0,2019.0,2106.0,87.0,26
527,5.0,3461.0,3511.0,50.0,27
528,5.0,4976.0,5072.0,96.0,28
529,5.0,1707.0,1758.0,51.0,29
530,5.0,5633.0,5681.0,48.0,30
531,5.0,3258.0,3347.0,89.0,31
532,5.0,5072.0,5141.0,69.0,32
533,5.0,1036.0,1119.0,83.0,33
534,5.0,2599.0,2621.0,22.0,34
535,5.0,4950.0,4976.0,26.0,35
536,5.0,5141.0,5170.0,29.0,36
537,5.0,2106.0,2173.0,67.0,37
538,5.0,5681.0,5751.0,70.0,38
539,5.0,2173.0,2232.0,59.0,39
540,5.0,4253.0,4287.0,34.0,40
541,5.0,4398.0,4416.0,18.0,41
542,5.0,2349.0,2353.0,4.0,42
543,5.0,5417.0,5482.0,65.0,43
544,5.0,2541.0,2599.0,58.0,44
545,5.0,2998.0,3033.0,35.0,45
546,5.0,901.0,987.0,86.0,46
547,5.0,3033.0,3067.0,34.0,47
548,5.0,2949.0,2998.0,49.0,48
549,5.0,3170.0,3258.0,88.0,49
550,5.0,2907.0,2949.0,42.0,50
551,5.0,757.0,836.0,79.0,51
552,5.0,987.0,1012.0,25.0,52
553,5.0,4508.0,4526.0,18.0,53
554,5.0,1420.0,1495.0,75.0,54
555,5.0,3820.0,3865.0,45.0,55
556,5.0,2232.0,2286.0,54.0,56
557,5.0,3928.0,3947.0,19.0,57
558,5.0,2814.0,2894.0,80.0,58
559,5.0,3067.0,3082.0,15.0,59
560,5.0,3096.0,3118.0,22.0,60
561,5.0,1651.0,1707.0,56.0,61
562,5.0,3865.0,3928.0,63.0,62
563,5.0,3753.0,3809.0,56.0,63
564,5.0,3511.0,3590.0,79.0,64
565,5.0,3347.0,3429.0,82.0,65
566,5.0,4796.0,4888.0,92.0,66
567,5.0,2286.0,2305.0,19.0,67
568,5.0,5252.0,5297.0,45.0,68
569,5.0,3429.0,3461.0,32.0,69
570,5.0,3809.0,3820.0,11.0,70
571,5.0,1119.0,1178.0,59.0,71
572,5.0,5170.0,5192.0,22.0,72
573,5.0,4166.0,4180.0,14.0,73
574,5.0,4018.0,4106.0,88.0,74
575,5.0,4287.0,4369.0,82.0,75
576,5.0,3671.0,3753.0,82.0,76
577,5.0,3947.0,4018.0,71.0,77
578,5.0,1949.0,1957.0,8.0,78
579,5.0,1321.0,1334.0,13.0,79
580,5.0,4180.0,4233.0,53.0,80
581,5.0,5346.0,5417.0,71.0,81
582,5.0,2678.0,2776.0,98.0,82
583,5.0,4697.0,4796.0,99.0,83
584,5.0,2487.0,2541.0,54.0,84
585,5.0,4233.0,4253.0,20.0,85
586,5.0,5482.0,5544.0,62.0,86
587,5.0,4369.0,4387.0,18.0,87
588,5.0,3590.0,3671.0,81.0,88
589,5.0,4106.0,4166.0,60.0,89
590,5.0,2621.0,2622.0,1.0,90
591,5.0,1185.0,1278.0,93.0,91
592,5.0,1390.0,1398.0,8.0,92
593,5.0,4416.0,4508.0,92.0,93
594,5.0,5192.0,5252.0,60.0,94
595,5.0,2400.0,2487.0,87.0,95
596,5.0,4888.0,4899.0,11.0,96
597,5.0,1012.0,1036.0,24.0,97
598,5.0,4387.0,4398.0,11.0,98
599,5.0,4526.0,4624.0,98.0,99
600,6.0,4772.0,4812.0,40.0,0
601,6.0,1363.0,1425.0,62.0,1
602,6.0,5027.0,5035.0,8.0,2
603,6.0,4812.0,4825.0,13.0,3
604,6.0,531.0,618.0,87.0,4
605,6.0,1752.0,1792.0,40.0,5
606,6.0,400.0,427.0,27.0,6
607,6.0,5637.0,5681.0,44.0,7
608,6.0,729.0,770.0,41.0,8
609,6.0,461.0,531.0,70.0,9
610,6.0,5627.0,5637.0,10.0,10
611,6.0,635.0,729.0,94.0,11
612,6.0,2040.0,2065.0,25.0,12
613,6.0,5434.0,5444.0,10.0,13
614,6.0,2873.0,2909.0,36.0,14
615,6.0,1425.0,1512.0,87.0,15
616,6.0,2003.0,2040.0,37.0,16
617,6.0,5834.0,5920.0,86.0,17
618,6.0,1676.0,1752.0,76.0,18
619,6.0,1933.0,2003.0,70.0,19
620,6.0,618.0,635.0,17.0,20
621,6.0,770.0,862.0,92.0,21
622,6.0,5035.0,5125.0,90.0,22
623,6.0,2409.0,2467.0,58.0,23
624,6.0,299.0,318.0,19.0,24
625,6.0,901.0,998.0,97.0,25
626,6.0,2106.0,2186.0,80.0,26
627,6.0,3591.0,3619.0,28.0,27
628,6.0,5185.0,5252.0,67.0,28
629,6.0,1874.0,1933.0,59.0,29
630,6.0,5681.0,5690.0,9.0,30
631,6.0,3364.0,3456.0,92.0,31
632,6.0,5252.0,5259.0,7.0,32
633,6.0,1190.0,1209.0,19.0,33
634,6.0,2732.0,2814.0,82.0,34
635,6.0,5125.0,5185.0,60.0,35
636,6.0,5259.0,5319.0,60.0,36
637,6.0,2186.0,2244.0,58.0,37
638,6.0,5751.0,5825.0,74.0,38
639,6.0,2244.0,2314.0,70.0,39
640,6.0,4440.0,4512.0,72.0,40
641,6.0,4615.0,4648.0,33.0,41
642,6.0,2467.0,2538.0,71.0,42
643,6.0,5497.0,5565.0,68.0,43
644,6.0,2638.0,2732.0,94.0,44
645,6.0,3035.0,3117.0,82.0,45
646,6.0,998.0,1044.0,46.0,46
647,6.0,3117.0,3195.0,78.0,47
648,6.0,2998.0,3035.0,37.0,48
649,6.0,3295.0,3364.0,69.0,49
650,6.0,2986.0,2993.0,7.0,50
651,6.0,862.0,896.0,34.0,51
652,6.0,1044.0,1113.0,69.0,52
653,6.0,4658.0,4676.0,18.0,53
654,6.0,1578.0,1676.0,98.0,54
655,6.0,3922.0,3930.0,8.0,55
656,6.0,2314.0,2372.0,58.0,56
657,6.0,3947.0,4033.0,86.0,57
658,6.0,2909.0,2986.0,77.0,58
659,6.0,3195.0,3245.0,50.0,59
660,6.0,3245.0,3295.0,50.0,60
661,6.0,1792.0,1874.0,82.0,61
662,6.0,3930.0,3946.0,16.0,62
663,6.0,3839.0,3856.0,17.0,63
664,6.0,3619.0,3687.0,68.0,64
665,6.0,3456.0,3521.0,65.0,65
666,6.0,4888.0,4980.0,92.0,66
667,6.0,2372.0,2409.0,37.0,67
668,6.0,5387.0,5434.0,47.0,68
669,6.0,3521.0,3591.0,70.0,69
670,6.0,3856.0,3922.0,66.0,70
671,6.0,1209.0,1239.0,30.0,71
672,6.0,5319.0,5326.0,7.0,72
673,6.0,4254.0,4291.0,37.0,73
674,6.0,4106.0,4111.0,5.0,74
675,6.0,4512.0,4564.0,52.0,75
676,6.0,3753.0,3839.0,86.0,76
677,6.0,4033.0,4069.0,36.0,77
678,6.0,2065.0,2094.0,29.0,78
679,6.0,1512.0,1516.0,4.0,79
680,6.0,4291.0,4390.0,99.0,80
681,6.0,5444.0,5497.0,53.0,81
682,6.0,2821.0,2873.0,52.0,82
683,6.0,4825.0,4834.0,9.0,83
684,6.0,2630.0,2638.0,8.0,84
685,6.0,4390.0,4440.0,50.0,85
686,6.0,5565.0,5627.0,62.0,86
687,6.0,4564.0,4578.0,14.0,87
688,6.0,3687.0,3708.0,21.0,88
689,6.0,4166.0,4254.0,88.0,89
690,6.0,2814.0,2821.0,7.0,90
691,6.0,1278.0,1363.0,85.0,91
692,6.0,1516.0,1578.0,62.0,92
693,6.0,4648.0,4658.0,10.0,93
694,6.0,5326.0,5387.0,61.0,94
695,6.0,2538.0,2630.0,92.0,95
696,6.0,4980.0,5027.0,47.0,96
697,6.0,1113.0,1190.0,77.0,97
698,6.0,4578.0,4615.0,37.0,98
699,6.0,4676.0,4772.0,96.0,99
700,7.0,4835.0,4885.0,50.0,0
701,7.0,1449.0,1453.0,4.0,1
702,7.0,5057.0,5077.0,20.0,2
703,7.0,4885.0,4904.0,19.0,3
704,7.0,618.0,676.0,58.0,4
705,7.0,1842.0,1864.0,22.0,5
706,7.0,427.0,483.0,56.0,6
707,7.0,5761.0,5853.0,92.0,7
708,7.0,770.0,829.0,59.0,8
709,7.0,531.0,565.0,34.0,9
710,7.0,5744.0,5761.0,17.0,10
711,7.0,729.0,768.0,39.0,11
712,7.0,2129.0,2188.0,59.0,12
713,7.0,5588.0,5595.0,7.0,13
714,7.0,3091.0,3150.0,59.0,14
715,7.0,1512.0,1514.0,2.0,15
716,7.0,2059.0,2129.0,70.0,16
717,7.0,5984.0,6056.0,72.0,17
718,7.0,1752.0,1842.0,90.0,18
719,7.0,2003.0,2059.0,56.0,19
720,7.0,676.0,702.0,26.0,20
721,7.0,862.0,912.0,50.0,21
722,7.0,5125.0,5129.0,4.0,22
723,7.0,2472.0,2480.0,8.0,23
724,7.0,318.0,378.0,60.0,24
725,7.0,998.0,1058.0,60.0,25
726,7.0,2200.0,2280.0,80.0,26
727,7.0,3842.0,3880.0,38.0,27
728,7.0,5252.0,5303.0,51.0,28
729,7.0,1933.0,1958.0,25.0,29
730,7.0,5853.0,5950.0,97.0,30
731,7.0,3667.0,3740.0,73.0,31
732,7.0,5303.0,5349.0,46.0,32
733,7.0,1277.0,1359.0,82.0,33
734,7.0,2824.0,2916.0,92.0,34
735,7.0,5185.0,5227.0,42.0,35
736,7.0,5349.0,5414.0,65.0,36
737,7.0,2280.0,2292.0,12.0,37
738,7.0,5950.0,5984.0,34.0,38
739,7.0,2314.0,2337.0,23.0,39
740,7.0,4533.0,4632.0,99.0,40
741,7.0,4713.0,4761.0,48.0,41
742,7.0,2538.0,2579.0,41.0,42
743,7.0,5649.0,5689.0,40.0,43
744,7.0,2748.0,2824.0,76.0,44
745,7.0,3308.0,3397.0,89.0,45
746,7.0,1058.0,1100.0,42.0,46
747,7.0,3397.0,3487.0,90.0,47
748,7.0,3247.0,3308.0,61.0,48
749,7.0,3642.0,3667.0,25.0,49
750,7.0,3220.0,3247.0,27.0,50
751,7.0,912.0,972.0,60.0,51
752,7.0,1113.0,1192.0,79.0,52
753,7.0,4781.0,4831.0,50.0,53
754,7.0,1676.0,1691.0,15.0,54
755,7.0,4157.0,4222.0,65.0,55
756,7.0,2372.0,2452.0,80.0,56
757,7.0,4224.0,4291.0,67.0,57
758,7.0,3150.0,3220.0,70.0,58
759,7.0,3487.0,3581.0,94.0,59
760,7.0,3581.0,3642.0,61.0,60
761,7.0,1874.0,1929.0,55.0,61
762,7.0,4222.0,4224.0,2.0,62
763,7.0,4079.0,4134.0,55.0,63
764,7.0,3880.0,3958.0,78.0,64
765,7.0,3740.0,3767.0,27.0,65
766,7.0,4980.0,4993.0,13.0,66
767,7.0,2452.0,2472.0,20.0,67
768,7.0,5550.0,5588.0,38.0,68
769,7.0,3767.0,3842.0,75.0,69
770,7.0,4134.0,4157.0,23.0,70
771,7.0,1359.0,1420.0,61.0,71
772,7.0,5414.0,5451.0,37.0,72
773,7.0,4462.0,4505.0,43.0,73
774,7.0,4316.0,4385.0,69.0,74
775,7.0,4632.0,4634.0,2.0,75
776,7.0,4035.0,4079.0,44.0,76
777,7.0,4291.0,4316.0,25.0,77
778,7.0,2188.0,2200.0,12.0,78
779,7.0,1516.0,1547.0,31.0,79
780,7.0,4505.0,4506.0,1.0,80
781,7.0,5595.0,5649.0,54.0,81
782,7.0,2997.0,3091.0,94.0,82
783,7.0,4904.0,4967.0,63.0,83
784,7.0,2657.0,2748.0,91.0,84
785,7.0,4506.0,4533.0,27.0,85
786,7.0,5689.0,5744.0,55.0,86
787,7.0,4634.0,4708.0,74.0,87
788,7.0,3958.0,4035.0,77.0,88
789,7.0,4385.0,4462.0,77.0,89
790,7.0,2916.0,2997.0,81.0,90
791,7.0,1420.0,1449.0,29.0,91
792,7.0,1578.0,1669.0,91.0,92
793,7.0,4761.0,4781.0,20.0,93
794,7.0,5451.0,5550.0,99.0,94
795,7.0,2630.0,2657.0,27.0,95
796,7.0,5027.0,5057.0,30.0,96
797,7.0,1192.0,1277.0,85.0,97
798,7.0,4708.0,4713.0,5.0,98
799,7.0,4831.0,4835.0,4.0,99
800,8.0,5053.0,5117.0,64.0,0
801,8.0,1536.0,1580.0,44.0,1
802,8.0,5191.0,5249.0,58.0,2
803,8.0,5117.0,5124.0,7.0,3
804,8.0,676.0,745.0,69.0,4
805,8.0,1912.0,1924.0,12.0,5
806,8.0,483.0,488.0,5.0,6
807,8.0,6006.0,6075.0,69.0,7
808,8.0,829.0,875.0,46.0,8
809,8.0,565.0,588.0,23.0,9
810,8.0,5911.0,6006.0,95.0,10
811,8.0,788.0,812.0,24.0,11
812,8.0,2216.0,2274.0,58.0,12
813,8.0,5660.0,5748.0,88.0,13
814,8.0,3150.0,3196.0,46.0,14
815,8.0,1580.0,1645.0,65.0,15
816,8.0,2185.0,2216.0,31.0,16
817,8.0,6142.0,6226.0,84.0,17
818,8.0,1908.0,1912.0,4.0,18
819,8.0,2112.0,2185.0,73.0,19
820,8.0,745.0,788.0,43.0,20
821,8.0,912.0,1009.0,97.0,21
822,8.0,5249.0,5298.0,49.0,22
823,8.0,2544.0,2546.0,2.0,23
824,8.0,378.0,432.0,54.0,24
825,8.0,1074.0,1086.0,12.0,25
826,8.0,2285.0,2316.0,31.0,26
827,8.0,3884.0,3936.0,52.0,27
828,8.0,5364.0,5393.0,29.0,28
829,8.0,2014.0,2112.0,98.0,29
830,8.0,6075.0,6121.0,46.0,30
831,8.0,3740.0,3823.0,83.0,31
832,8.0,5393.0,5471.0,78.0,32
833,8.0,1359.0,1411.0,52.0,33
834,8.0,2916.0,2979.0,63.0,34
835,8.0,5298.0,5364.0,66.0,35
836,8.0,5471.0,5516.0,45.0,36
837,8.0,2316.0,2365.0,49.0,37
838,8.0,6121.0,6142.0,21.0,38
839,8.0,2365.0,2378.0,13.0,39
840,8.0,4674.0,4683.0,9.0,40
841,8.0,4813.0,4900.0,87.0,41
842,8.0,2579.0,2582.0,3.0,42
843,8.0,5822.0,5837.0,15.0,43
844,8.0,2824.0,2879.0,55.0,44
845,8.0,3397.0,3402.0,5.0,45
846,8.0,1100.0,1108.0,8.0,46
847,8.0,3487.0,3581.0,94.0,47
848,8.0,3308.0,3368.0,60.0,48
849,8.0,3680.0,3698.0,18.0,49
850,8.0,3247.0,3267.0,20.0,50
851,8.0,1009.0,1074.0,65.0,51
852,8.0,1192.0,1242.0,50.0,52
853,8.0,4976.0,5052.0,76.0,53
854,8.0,1833.0,1908.0,75.0,54
855,8.0,4222.0,4229.0,7.0,55
856,8.0,2452.0,2534.0,82.0,56
857,8.0,4291.0,4340.0,49.0,57
858,8.0,3220.0,3223.0,3.0,58
859,8.0,3581.0,3637.0,56.0,59
860,8.0,3642.0,3680.0,38.0,60
861,8.0,1929.0,2014.0,85.0,61
862,8.0,4229.0,4258.0,29.0,62
863,8.0,4148.0,4174.0,26.0,63
864,8.0,3958.0,3981.0,23.0,64
865,8.0,3823.0,3851.0,28.0,65
866,8.0,5145.0,5164.0,19.0,66
867,8.0,2534.0,2544.0,10.0,67
868,8.0,5588.0,5660.0,72.0,68
869,8.0,3851.0,3884.0,33.0,69
870,8.0,4174.0,4195.0,21.0,70
871,8.0,1420.0,1499.0,79.0,71
872,8.0,5516.0,5571.0,55.0,72
873,8.0,4505.0,4574.0,69.0,73
874,8.0,4385.0,4423.0,38.0,74
875,8.0,4683.0,4698.0,15.0,75
876,8.0,4090.0,4148.0,58.0,76
877,8.0,4340.0,4376.0,36.0,77
878,8.0,2274.0,2285.0,11.0,78
879,8.0,1645.0,1743.0,98.0,79
880,8.0,4574.0,4576.0,2.0,80
881,8.0,5748.0,5822.0,74.0,81
882,8.0,3091.0,3107.0,16.0,82
883,8.0,5124.0,5145.0,21.0,83
884,8.0,2748.0,2758.0,10.0,84
885,8.0,4576.0,4674.0,98.0,85
886,8.0,5837.0,5911.0,74.0,86
887,8.0,4708.0,4792.0,84.0,87
888,8.0,4035.0,4090.0,55.0,88
889,8.0,4462.0,4481.0,19.0,89
890,8.0,2997.0,3017.0,20.0,90
891,8.0,1499.0,1536.0,37.0,91
892,8.0,1743.0,1833.0,90.0,92
893,8.0,4900.0,4976.0,76.0,93
894,8.0,5571.0,5581.0,10.0,94
895,8.0,2657.0,2738.0,81.0,95
896,8.0,5164.0,5191.0,27.0,96
897,8.0,1277.0,1329.0,52.0,97
898,8.0,4792.0,4813.0,21.0,98
899,8.0,5052.0,5053.0,1.0,99
900,9.0,5207.0,5286.0,79.0,0
901,9.0,1580.0,1598.0,18.0,1
902,9.0,5579.0,5678.0,99.0,2
903,9.0,5286.0,5361.0,75.0,3
904,9.0,745.0,792.0,47.0,4
905,9.0,2032.0,2128.0,96.0,5
906,9.0,503.0,509.0,6.0,6
907,9.0,6262.0,6284.0,22.0,7
908,9.0,875.0,878.0,3.0,8
909,9.0,588.0,617.0,29.0,9
910,9.0,6250.0,6262.0,12.0,10
911,9.0,812.0,865.0,53.0,11
912,9.0,2274.0,2316.0,42.0,12
913,9.0,6026.0,6087.0,61.0,13
914,9.0,3196.0,3245.0,49.0,14
915,9.0,1645.0,1701.0,56.0,15
916,9.0,2242.0,2251.0,9.0,16
917,9.0,6318.0,6324.0,6.0,17
918,9.0,1978.0,2032.0,54.0,18
919,9.0,2185.0,2242.0,57.0,19
920,9.0,792.0,808.0,16.0,20
921,9.0,1009.0,1104.0,95.0,21
922,9.0,5678.0,5704.0,26.0,22
923,9.0,2613.0,2638.0,25.0,23
924,9.0,432.0,503.0,71.0,24
925,9.0,1195.0,1245.0,50.0,25
926,9.0,2412.0,2450.0,38.0,26
927,9.0,4037.0,4052.0,15.0,27
928,9.0,5712.0,5797.0,85.0,28
929,9.0,2134.0,2154.0,20.0,29
930,9.0,6284.0,6309.0,25.0,30
931,9.0,3823.0,3890.0,67.0,31
932,9.0,5797.0,5804.0,7.0,32
933,9.0,1421.0,1433.0,12.0,33
934,9.0,2979.0,3029.0,50.0,34
935,9.0,5704.0,5712.0,8.0,35
936,9.0,5804.0,5886.0,82.0,36
937,9.0,2450.0,2455.0,5.0,37
938,9.0,6309.0,6318.0,9.0,38
939,9.0,2455.0,2496.0,41.0,39
940,9.0,4761.0,4846.0,85.0,40
941,9.0,4941.0,5018.0,77.0,41
942,9.0,2638.0,2712.0,74.0,42
943,9.0,6175.0,6192.0,17.0,43
944,9.0,2879.0,2917.0,38.0,44
945,9.0,3461.0,3503.0,42.0,45
946,9.0,1245.0,1265.0,20.0,46
947,9.0,3581.0,3649.0,68.0,47
948,9.0,3368.0,3461.0,93.0,48
949,9.0,3771.0,3786.0,15.0,49
950,9.0,3308.0,3336.0,28.0,50
951,9.0,1104.0,1195.0,91.0,51
952,9.0,1265.0,1297.0,32.0,52
953,9.0,5068.0,5124.0,56.0,53
954,9.0,1908.0,1978.0,70.0,54
955,9.0,4299.0,4350.0,51.0,55
956,9.0,2534.0,2543.0,9.0,56
957,9.0,4391.0,4485.0,94.0,57
958,9.0,3245.0,3308.0,63.0,58
959,9.0,3649.0,3682.0,33.0,59
960,9.0,3682.0,3771.0,89.0,60
961,9.0,2128.0,2134.0,6.0,61
962,9.0,4350.0,4391.0,41.0,62
963,9.0,4200.0,4222.0,22.0,63
964,9.0,4052.0,4120.0,68.0,64
965,9.0,3890.0,3973.0,83.0,65
966,9.0,5402.0,5481.0,79.0,66
967,9.0,2544.0,2613.0,69.0,67
968,9.0,5982.0,6026.0,44.0,68
969,9.0,3973.0,4037.0,64.0,69
970,9.0,4222.0,4299.0,77.0,70
971,9.0,1499.0,1545.0,46.0,71
972,9.0,5886.0,5962.0,76.0,72
973,9.0,4620.0,4684.0,64.0,73
974,9.0,4574.0,4599.0,25.0,74
975,9.0,4846.0,4901.0,55.0,75
976,9.0,4170.0,4200.0,30.0,76
977,9.0,4485.0,4574.0,89.0,77
978,9.0,2316.0,2412.0,96.0,78
979,9.0,1743.0,1814.0,71.0,79
980,9.0,4684.0,4753.0,69.0,80
981,9.0,6087.0,6175.0,88.0,81
982,9.0,3107.0,3131.0,24.0,82
983,9.0,5361.0,5402.0,41.0,83
984,9.0,2819.0,2872.0,53.0,84
985,9.0,4753.0,4761.0,8.0,85
986,9.0,6192.0,6250.0,58.0,86
987,9.0,4901.0,4920.0,19.0,87
988,9.0,4120.0,4170.0,50.0,88
989,9.0,4599.0,4620.0,21.0,89
990,9.0,3029.0,3072.0,43.0,90
991,9.0,1545.0,1563.0,18.0,91
992,9.0,1833.0,1907.0,74.0,92
993,9.0,5018.0,5068.0,50.0,93
994,9.0,5962.0,5982.0,20.0,94
995,9.0,2738.0,2819.0,81.0,95
996,9.0,5481.0,5579.0,98.0,96
997,9.0,1329.0,1421.0,92.0,97
998,9.0,4920.0,4941.0,21.0,98
999,9.0,5124.0,5207.0,83.0,99
